{"train": [3.73203182220459, 3.4248602390289307, 2.5761899948120117, 2.3141441345214844, 2.2710766792297363, 2.2436933517456055, 2.231449842453003, 2.219076633453369, 2.204866409301758, 2.1767101287841797, 2.17616605758667, 2.176258087158203, 2.1764650344848633, 2.176384925842285, 2.1758666038513184, 2.1758623123168945, 2.176384925842285, 2.176703691482544, 2.1758370399475098, 2.1754560470581055, 2.175551652908325, 2.175504207611084, 2.174923896789551, 2.1755168437957764, 2.1758744716644287, 2.175551652908325, 2.176116704940796, 2.1763556003570557, 2.175295114517212, 2.1758174896240234, 2.1763558387756348, 2.175503969192505, 2.175349235534668, 2.175518035888672, 2.1755168437957764, 2.175518274307251, 2.1763558387756348, 2.1759090423583984, 2.175551652908325, 2.1758177280426025, 2.1755168437957764, 2.175295114517212, 2.175523042678833, 2.1754751205444336, 2.1757731437683105, 2.175348997116089, 2.175874710083008, 2.175551414489746, 2.1758177280426025, 2.1757729053497314, 2.1760706901550293, 2.175518274307251, 2.176020383834839, 2.175513982772827, 2.1760706901550293, 2.1754751205444336, 2.1758744716644287, 2.174923896789551, 2.1755168437957764, 2.175518274307251], "valid": [3.7062809467315674, 2.863332748413086, 2.342668056488037, 2.2834458351135254, 2.247716188430786, 2.2364938259124756, 2.215388298034668, 2.2137868404388428, 2.172419309616089, 2.172390937805176, 2.172391653060913, 2.172391176223755, 2.172390937805176, 2.172390937805176, 2.172390937805176, 2.172390937805176, 2.172390937805176, 2.1723904609680176, 2.172370433807373, 2.1720426082611084, 2.1720426082611084, 2.1720426082611084, 2.1720426082611084, 2.1720428466796875, 2.1720428466796875, 2.1720426082611084, 2.1720423698425293, 2.1720423698425293, 2.1720428466796875, 2.1720426082611084, 2.1720426082611084, 2.1720426082611084, 2.1720426082611084, 2.1720426082611084, 2.1720426082611084, 2.1720426082611084, 2.1720426082611084, 2.1720423698425293, 2.1720426082611084, 2.1720426082611084, 2.1720426082611084, 2.1720426082611084, 2.1720426082611084, 2.1720426082611084, 2.1720426082611084, 2.1720426082611084, 2.1720426082611084, 2.1720426082611084, 2.1720426082611084, 2.1720423698425293, 2.1720426082611084, 2.1720426082611084, 2.1720426082611084, 2.1720426082611084, 2.1720426082611084, 2.1720426082611084, 2.1720426082611084, 2.1720426082611084, 2.1720426082611084, 2.1720426082611084]}