{"train_loss": [2.3097729206085207, 2.3098167419433593, 2.3104915618896484, 2.3103918075561523, 2.3105730056762694, 2.310143566131592, 2.3100132942199707, 2.310644340515137, 2.309947061538696, 2.3103219509124755], "valid_loss": [2.307086944580078, 2.307086944580078, 2.307086944580078, 2.307086944580078, 2.307086944580078, 2.307086944580078, 2.307086944580078, 2.307086944580078, 2.307086944580078, 2.307086944580078]}